Workbook

Sheet Instructions
A1: Small Wind Turbine BOM — Jira Import Template
A3: HOW TO USE
A4: 1. On 'Settings', set your Target Build Date, safety buffer and warning window (yellow cells).
A5: 2. On 'Lists', rename/add subsystems (these become Jira Epics) and edit dropdown values if needed.
A6: 3. On 'BOM', fill one row per part or design task. Only edit the BLUE-header columns; GREY-header columns are formulas.
A7: 4. Delete the two rows marked EXAMPLE once you've seen the format.
A8: 5. Leave 'Need-by Date' blank to default to the Target Build Date; enter a date to override (e.g. tower parts needed earlier).
A9: 6. Set 'Qty On Hand' for parts you already have — if it covers 'Qty Required', no order-by date is generated.
A11: EXPORTING TO JIRA
A12: a. Select the 'BOM' sheet → File › Save As › CSV UTF-8 (saves only the active sheet, with formula results as values).
A13: b. In Jira: Settings › System › External System Import › CSV (or the project's Import work items option).
A14: c. Set the date format to yyyy-MM-dd in the import wizard.
... A27: Blue header / blue text = your input · Grey header / grey fill = formula (don't overwrite) · Light-blue rows = Epics (subsystems)

Sheet BOM
A1: Work Item ID | B1: Summary | C1: Work Type | D1: Subsystem | E1: Parent ID | F1: Description | G1: Part Number | H1: Supplier | I1: Supplier URL | J1: Qty Required | K1: Qty On Hand | L1: Qty to Order | M1: Unit Cost ($) | N1: Ext. Cost to Order ($) | O1: Procurement Status | P1: Lead Time (days) | Q1: Need-by Date | R1: Due date (Need-by) | S1: Start date (Order-by) | T1: Days Until Order-by | U1: Order Flag | V1: Labels
A2: =IF(B2="","",IF(C2="Epic",IFERROR(INDEX(Lists!$A:$A,MATCH(B2,Lists!$B:$B,0)),"?"),1000+ROW())) | B2: =Lists!B2 | C2: Epic | E2: =IF(OR(C2="Epic",D2=""),"",IFERROR(INDEX(Lists!$A:$A,MATCH(D2,Lists!$B:$B,0)),"")) | L2: =IF(OR(C2="Epic",J2=""),"",MAX(0,J2-N(K2))) | N2: =IF(OR(L2="",M2=""),"",L2*M2) | R2: =IF(OR(B2="",C2="Epic"),"",IF(Q2="",Settings!$B$3,Q2)) | S2: =IF(OR(R2="",P2="",N(L2)=0),"",R2-P2-Settings!$B$4) | T2: =IF(S2="","",S2-TODAY()) | U2: =IF(OR(B2="",C2="Epic"),"",IF(N(L2)=0,IF(J2="","","ON HAND"),IF(OR(O2="Ordered",O2="Shipped",O2="Received"),O2,IF(S2="","NEED LEAD TIME",IF(T2<0,"OVERDUE",IF(T2<=Settings!$B$5,"ORDER SOON","OK"))))))
A3: =IF(B3="","",IF(C3="Epic",IFERROR(INDEX(Lists!$A:$A,MATCH(B3,Lists!$B:$B,0)),"?"),1000+ROW())) | B3: =Lists!B3 | C3: Epic | E3: =IF(OR(C3="Epic",D3=""),"",IFERROR(INDEX(Lists!$A:$A,MATCH(D3,Lists!$B:$B,0)),"")) | L3: =IF(OR(C3="Epic",J3=""),"",MAX(0,J3-N(K3))) | N3: =IF(OR(L3="",M3=""),"",L3*M3) | R3: =IF(OR(B3="",C3="Epic"),"",IF(Q3="",Settings!$B$3,Q3)) | S3: =IF(OR(R3="",P3="",N(L3)=0),"",R3-P3-Settings!$B$4) | T3: =IF(S3="","",S3-TODAY()) | U3: =IF(OR(B3="",C3="Epic"),"",IF(N(L3)=0,IF(J3="","","ON HAND"),IF(OR(O3="Ordered",O3="Shipped",O3="Received"),O3,IF(S3="","NEED LEAD TIME",IF(T3<0,"OVERDUE",IF(T3<=Settings!$B$5,"ORDER SOON","OK"))))))
A4: =IF(B4="","",IF(C4="Epic",IFERROR(INDEX(Lists!$A:$A,MATCH(B4,Lists!$B:$B,0)),"?"),1000+ROW())) | B4: =Lists!B4 | C4: Epic | E4: =IF(OR(C4="Epic",D4=""),"",IFERROR(INDEX(Lists!$A:$A,MATCH(D4,Lists!$B:$B,0)),"")) | L4: =IF(OR(C4="Epic",J4=""),"",MAX(0,J4-N(K4))) | N4: =IF(OR(L4="",M4=""),"",L4*M4) | R4: =IF(OR(B4="",C4="Epic"),"",IF(Q4="",Settings!$B$3,Q4)) | S4: =IF(OR(R4="",P4="",N(L4)=0),"",R4-P4-Settings!$B$4) | T4: =IF(S4="","",S4-TODAY()) | U4: =IF(OR(B4="",C4="Epic"),"",IF(N(L4)=0,IF(J4="","","ON HAND"),IF(OR(O4="Ordered",O4="Shipped",O4="Received"),O4,IF(S4="","NEED LEAD TIME",IF(T4<0,"OVERDUE",IF(T4<=Settings!$B$5,"ORDER SOON","OK"))))))
A5: =IF(B5="","",IF(C5="Epic",IFERROR(INDEX(Lists!$A:$A,MATCH(B5,Lists!$B:$B,0)),"?"),1000+ROW())) | B5: =Lists!B5 | C5: Epic | E5: =IF(OR(C5="Epic",D5=""),"",IFERROR(INDEX(Lists!$A:$A,MATCH(D5,Lists!$B:$B,0)),"")) | L5: =IF(OR(C5="Epic",J5=""),"",MAX(0,J5-N(K5))) | N5: =IF(OR(L5="",M5=""),"",L5*M5) | R5: =IF(OR(B5="",C5="Epic"),"",IF(Q5="",Settings!$B$3,Q5)) | S5: =IF(OR(R5="",P5="",N(L5)=0),"",R5-P5-Settings!$B$4) | T5: =IF(S5="","",S5-TODAY()) | U5: =IF(OR(B5="",C5="Epic"),"",IF(N(L5)=0,IF(J5="","","ON HAND"),IF(OR(O5="Ordered",O5="Shipped",O5="Received"),O5,IF(S5="","NEED LEAD TIME",IF(T5<0,"OVERDUE",IF(T5<=Settings!$B$5,"ORDER SOON","OK"))))))
A6: =IF(B6="","",IF(C6="Epic",IFERROR(INDEX(Lists!$A:$A,MATCH(B6,Lists!$B:$B,0)),"?"),1000+ROW())) | B6: =Lists!B6 | C6: Epic | E6: =IF(OR(C6="Epic",D6=""),"",IFERROR(INDEX(Lists!$A:$A,MATCH(D6,Lists!$B:$B,0)),"")) | L6: =IF(OR(C6="Epic",J6=""),"",MAX(0,J6-N(K6))) | N6: =IF(OR(L6="",M6=""),"",L6*M6) | R6: =IF(OR(B6="",C6="Epic"),"",IF(Q6="",Settings!$B$3,Q6)) | S6: =IF(OR(R6="",P6="",N(L6)=0),"",R6-P6-Settings!$B$4) | T6: =IF(S6="","",S6-TODAY()) | U6: =IF(OR(B6="",C6="Epic"),"",IF(N(L6)=0,IF(J6="","","ON HAND"),IF(OR(O6="Ordered",O6="Shipped",O6="Received"),O6,IF(S6="","NEED LEAD TIME",IF(T6<0,"OVERDUE",IF(T6<=Settings!$B$5,"ORDER SOON","OK"))))))
A7: =IF(B7="","",IF(C7="Epic",IFERROR(INDEX(Lists!$A:$A,MATCH(B7,Lists!$B:$B,0)),"?"),1000+ROW())) | B7: =Lists!B7 | C7: Epic | E7: =IF(OR(C7="Epic",D7=""),"",IFERROR(INDEX(Lists!$A:$A,MATCH(D7,Lists!$B:$B,0)),"")) | L7: =IF(OR(C7="Epic",J7=""),"",MAX(0,J7-N(K7))) | N7: =IF(OR(L7="",M7=""),"",L7*M7) | R7: =IF(OR(B7="",C7="Epic"),"",IF(Q7="",Settings!$B$3,Q7)) | S7: =IF(OR(R7="",P7="",N(L7)=0),"",R7-P7-Settings!$B$4) | T7: =IF(S7="","",S7-TODAY()) | U7: =IF(OR(B7="",C7="Epic"),"",IF(N(L7)=0,IF(J7="","","ON HAND"),IF(OR(O7="Ordered",O7="Shipped",O7="Received"),O7,IF(S7="","NEED LEAD TIME",IF(T7<0,"OVERDUE",IF(T7<=Settings!$B$5,"ORDER SOON","OK"))))))
A8: =IF(B8="","",IF(C8="Epic",IFERROR(INDEX(Lists!$A:$A,MATCH(B8,Lists!$B:$B,0)),"?"),1000+ROW())) | B8: =Lists!B8 | C8: Epic | E8: =IF(OR(C8="Epic",D8=""),"",IFERROR(INDEX(Lists!$A:$A,MATCH(D8,Lists!$B:$B,0)),"")) | L8: =IF(OR(C8="Epic",J8=""),"",MAX(0,J8-N(K8))) | N8: =IF(OR(L8="",M8=""),"",L8*M8) | R8: =IF(OR(B8="",C8="Epic"),"",IF(Q8="",Settings!$B$3,Q8)) | S8: =IF(OR(R8="",P8="",N(L8)=0),"",R8-P8-Settings!$B$4) | T8: =IF(S8="","",S8-TODAY()) | U8: =IF(OR(B8="",C8="Epic"),"",IF(N(L8)=0,IF(J8="","","ON HAND"),IF(OR(O8="Ordered",O8="Shipped",O8="Received"),O8,IF(S8="","NEED LEAD TIME",IF(T8<0,"OVERDUE",IF(T8<=Settings!$B$5,"ORDER SOON","OK"))))))
A9: =IF(B9="","",IF(C9="Epic",IFERROR(INDEX(Lists!$A:$A,MATCH(B9,Lists!$B:$B,0)),"?"),1000+ROW())) | B9: =Lists!B9 | C9: Epic | E9: =IF(OR(C9="Epic",D9=""),"",IFERROR(INDEX(Lists!$A:$A,MATCH(D9,Lists!$B:$B,0)),"")) | L9: =IF(OR(C9="Epic",J9=""),"",MAX(0,J9-N(K9))) | N9: =IF(OR(L9="",M9=""),"",L9*M9) | R9: =IF(OR(B9="",C9="Epic"),"",IF(Q9="",Settings!$B$3,Q9)) | S9: =IF(OR(R9="",P9="",N(L9)=0),"",R9-P9-Settings!$B$4) | T9: =IF(S9="","",S9-TODAY()) | U9: =IF(OR(B9="",C9="Epic"),"",IF(N(L9)=0,IF(J9="","","ON HAND"),IF(OR(O9="Ordered",O9="Shipped",O9="Received"),O9,IF(S9="","NEED LEAD TIME",IF(T9<0,"OVERDUE",IF(T9<=Settings!$B$5,"ORDER SOON","OK"))))))
A10: =IF(B10="","",IF(C10="Epic",IFERROR(INDEX(Lists!$A:$A,MATCH(B10,Lists!$B:$B,0)),"?"),1000+ROW())) | B10: EXAMPLE – Charge controller w/ dump load | C10: Task | D10: Electrical & Power Conversion | E10: =IF(OR(C10="Epic",D10=""),"",IFERROR(INDEX(Lists!$A:$A,MATCH(D10,Lists!$B:$B,0)),"")) | F10: 48 V wind/solar hybrid, 1.5 kW, w/ diversion load | J10: 1 | K10: 1 | L10: =IF(OR(C10="Epic",J10=""),"",MAX(0,J10-N(K10))) | N10: =IF(OR(L10="",M10=""),"",L10*M10) | O10: On hand | R10: =IF(OR(B10="",C10="Epic"),"",IF(Q10="",Settings!$B$3,Q10)) | S10: =IF(OR(R10="",P10="",N(L10)=0),"",R10-P10-Settings!$B$4) | T10: =IF(S10="","",S10-TODAY()) | U10: =IF(OR(B10="",C10="Epic"),"",IF(N(L10)=0,IF(J10="","","ON HAND"),IF(OR(O10="Ordered",O10="Shipped",O10="Received"),O10,IF(S10="","NEED LEAD TIME",IF(T10<0,"OVERDUE",IF(T10<=Settings!$B$5,"ORDER SOON","OK")))))) | V10: electrical
A11: =IF(B11="","",IF(C11="Epic",IFERROR(INDEX(Lists!$A:$A,MATCH(B11,Lists!$B:$B,0)),"?"),1000+ROW())) | B11: EXAMPLE – Slewing ring bearing (yaw) | C11: Task | D11: Yaw & Furling | E11: =IF(OR(C11="Epic",D11=""),"",IFERROR(INDEX(Lists!$A:$A,MATCH(D11,Lists!$B:$B,0)),"")) | F11: ~300 mm ID, 4-point contact, ungeared | G11: SR-300-4P | H11: Supplier TBD | J11: 1 | K11: 0 | L11: =IF(OR(C11="Epic",J11=""),"",MAX(0,J11-N(K11))) | M11: 185 | N11: =IF(OR(L11="",M11=""),"",L11*M11) | O11: Quoted | P11: 42 | R11: =IF(OR(B11="",C11="Epic"),"",IF(Q11="",Settings!$B$3,Q11)) | S11: =IF(OR(R11="",P11="",N(L11)=0),"",R11-P11-Settings!$B$4) | T11: =IF(S11="","",S11-TODAY()) | U11: =IF(OR(B11="",C11="Epic"),"",IF(N(L11)=0,IF(J11="","","ON HAND"),IF(OR(O11="Ordered",O11="Shipped",O11="Received"),O11,IF(S11="","NEED LEAD TIME",IF(T11<0,"OVERDUE",IF(T11<=Settings!$B$5,"ORDER SOON","OK")))))) | V11: long-lead
A12: =IF(B12="","",IF(C12="Epic",IFERROR(INDEX(Lists!$A:$A,MATCH(B12,Lists!$B:$B,0)),"?"),1000+ROW())) | E12: =IF(OR(C12="Epic",D12=""),"",IFERROR(INDEX(Lists!$A:$A,MATCH(D12,Lists!$B:$B,0)),"")) | L12: =IF(OR(C12="Epic",J12=""),"",MAX(0,J12-N(K12))) | N12: =IF(OR(L12="",M12=""),"",L12*M12) | R12: =IF(OR(B12="",C12="Epic"),"",IF(Q12="",Settings!$B$3,Q12)) | S12: =IF(OR(R12="",P12="",N(L12)=0),"",R12-P12-Settings!$B$4) | T12: =IF(S12="","",S12-TODAY()) | U12: =IF(OR(B12="",C12="Epic"),"",IF(N(L12)=0,IF(J12="","","ON HAND"),IF(OR(O12="Ordered",O12="Shipped",O12="Received"),O12,IF(S12="","NEED LEAD TIME",IF(T12<0,"OVERDUE",IF(T12<=Settings!$B$5,"ORDER SOON","OK"))))))
A13: =IF(B13="","",IF(C13="Epic",IFERROR(INDEX(Lists!$A:$A,MATCH(B13,Lists!$B:$B,0)),"?"),1000+ROW())) | E13: =IF(OR(C13="Epic",D13=""),"",IFERROR(INDEX(Lists!$A:$A,MATCH(D13,Lists!$B:$B,0)),"")) | L13: =IF(OR(C13="Epic",J13=""),"",MAX(0,J13-N(K13))) | N13: =IF(OR(L13="",M13=""),"",L13*M13) | R13: =IF(OR(B13="",C13="Epic"),"",IF(Q13="",Settings!$B$3,Q13)) | S13: =IF(OR(R13="",P13="",N(L13)=0),"",R13-P13-Settings!$B$4) | T13: =IF(S13="","",S13-TODAY()) | U13: =IF(OR(B13="",C13="Epic"),"",IF(N(L13)=0,IF(J13="","","ON HAND"),IF(OR(O13="Ordered",O13="Shipped",O13="Received"),O13,IF(S13="","NEED LEAD TIME",IF(T13<0,"OVERDUE",IF(T13<=Settings!$B$5,"ORDER SOON","OK"))))))
A14: =IF(B14="","",IF(C14="Epic",IFERROR(INDEX(Lists!$A:$A,MATCH(B14,Lists!$B:$B,0)),"?"),1000+ROW())) | E14: =IF(OR(C14="Epic",D14=""),"",IFERROR(INDEX(Lists!$A:$A,MATCH(D14,Lists!$B:$B,0)),"")) | L14: =IF(OR(C14="Epic",J14=""),"",MAX(0,J14-N(K14))) | N14: =IF(OR(L14="",M14=""),"",L14*M14) | R14: =IF(OR(B14="",C14="Epic"),"",IF(Q14="",Settings!$B$3,Q14)) | S14: =IF(OR(R14="",P14="",N(L14)=0),"",R14-P14-Settings!$B$4) | T14: =IF(S14="","",S14-TODAY()) | U14: =IF(OR(B14="",C14="Epic"),"",IF(N(L14)=0,IF(J14="","","ON HAND"),IF(OR(O14="Ordered",O14="Shipped",O14="Received"),O14,IF(S14="","NEED LEAD TIME",IF(T14<0,"OVERDUE",IF(T14<=Settings!$B$5,"ORDER SOON","OK"))))))
A15: =IF(B15="","",IF(C15="Epic",IFERROR(INDEX(Lists!$A:$A,MATCH(B15,Lists!$B:$B,0)),"?"),1000+ROW())) | E15: =IF(OR(C15="Epic",D15=""),"",IFERROR(INDEX(Lists!$A:$A,MATCH(D15,Lists!$B:$B,0)),"")) | L15: =IF(OR(C15="Epic",J15=""),"",MAX(0,J15-N(K15))) | N15: =IF(OR(L15="",M15=""),"",L15*M15) | R15: =IF(OR(B15="",C15="Epic"),"",IF(Q15="",Settings!$B$3,Q15)) | S15: =IF(OR(R15="",P15="",N(L15)=0),"",R15-P15-Settings!$B$4) | T15: =IF(S15="","",S15-TODAY()) | U15: =IF(OR(B15="",C15="Epic"),"",IF(N(L15)=0,IF(J15="","","ON HAND"),IF(OR(O15="Ordered",O15="Shipped",O15="Received"),O15,IF(S15="","NEED LEAD TIME",IF(T15<0,"OVERDUE",IF(T15<=Settings!$B$5,"ORDER SOON","OK"))))))
A16: =IF(B16="","",IF(C16="Epic",IFERROR(INDEX(Lists!$A:$A,MATCH(B16,Lists!$B:$B,0)),"?"),1000+ROW())) | E16: =IF(OR(C16="Epic",D16=""),"",IFERROR(INDEX(Lists!$A:$A,MATCH(D16,Lists!$B:$B,0)),"")) | L16: =IF(OR(C16="Epic",J16=""),"",MAX(0,J16-N(K16))) | N16: =IF(OR(L16="",M16=""),"",L16*M16) | R16: =IF(OR(B16="",C16="Epic"),"",IF(Q16="",Settings!$B$3,Q16)) | S16: =IF(OR(R16="",P16="",N(L16)=0),"",R16-P16-Settings!$B$4) | T16: =IF(S16="","",S16-TODAY()) | U16: =IF(OR(B16="",C16="Epic"),"",IF(N(L16)=0,IF(J16="","","ON HAND"),IF(OR(O16="Ordered",O16="Shipped",O16="Received"),O16,IF(S16="","NEED LEAD TIME",IF(T16<0,"OVERDUE",IF(T16<=Settings!$B$5,"ORDER SOON","OK"))))))
A17: =IF(B17="","",IF(C17="Epic",IFERROR(INDEX(Lists!$A:$A,MATCH(B17,Lists!$B:$B,0)),"?"),1000+ROW())) | E17: =IF(OR(C17="Epic",D17=""),"",IFERROR(INDEX(Lists!$A:$A,MATCH(D17,Lists!$B:$B,0)),"")) | L17: =IF(OR(C17="Epic",J17=""),"",MAX(0,J17-N(K17))) | N17: =IF(OR(L17="",M17=""),"",L17*M17) | R17: =IF(OR(B17="",C17="Epic"),"",IF(Q17="",Settings!$B$3,Q17)) | S17: =IF(OR(R17="",P17="",N(L17)=0),"",R17-P17-Settings!$B$4) | T17: =IF(S17="","",S17-TODAY()) | U17: =IF(OR(B17="",C17="Epic"),"",IF(N(L17)=0,IF(J17="","","ON HAND"),IF(OR(O17="Ordered",O17="Shipped",O17="Received"),O17,IF(S17="","NEED LEAD TIME",IF(T17<0,"OVERDUE",IF(T17<=Settings!$B$5,"ORDER SOON","OK"))))))
A18: =IF(B18="","",IF(C18="Epic",IFERROR(INDEX(Lists!$A:$A,MATCH(B18,Lists!$B:$B,0)),"?"),1000+ROW())) | E18: =IF(OR(C18="Epic",D18=""),"",IFERROR(INDEX(Lists!$A:$A,MATCH(D18,Lists!$B:$B,0)),"")) | L18: =IF(OR(C18="Epic",J18=""),"",MAX(0,J18-N(K18))) | N18: =IF(OR(L18="",M18=""),"",L18*M18) | R18: =IF(OR(B18="",C18="Epic"),"",IF(Q18="",Settings!$B$3,Q18)) | S18: =IF(OR(R18="",P18="",N(L18)=0),"",R18-P18-Settings!$B$4) | T18: =IF(S18="","",S18-TODAY()) | U18: =IF(OR(B18="",C18="Epic"),"",IF(N(L18)=0,IF(J18="","","ON HAND"),IF(OR(O18="Ordered",O18="Shipped",O18="Received"),O18,IF(S18="","NEED LEAD TIME",IF(T18<0,"OVERDUE",IF(T18<=Settings!$B$5,"ORDER SOON","OK"))))))
A19: =IF(B19="","",IF(C19="Epic",IFERROR(INDEX(Lists!$A:$A,MATCH(B19,Lists!$B:$B,0)),"?"),1000+ROW())) | E19: =IF(OR(C19="Epic",D19=""),"",IFERROR(INDEX(Lists!$A:$A,MATCH(D19,Lists!$B:$B,0)),"")) | L19: =IF(OR(C19="Epic",J19=""),"",MAX(0,J19-N(K19))) | N19: =IF(OR(L19="",M19=""),"",L19*M19) | R19: =IF(OR(B19="",C19="Epic"),"",IF(Q19="",Settings!$B$3,Q19)) | S19: =IF(OR(R19="",P19="",N(L19)=0),"",R19-P19-Settings!$B$4) | T19: =IF(S19="","",S19-TODAY()) | U19: =IF(OR(B19="",C19="Epic"),"",IF(N(L19)=0,IF(J19="","","ON HAND"),IF(OR(O19="Ordered",O19="Shipped",O19="Received"),O19,IF(S19="","NEED LEAD TIME",IF(T19<0,"OVERDUE",IF(T19<=Settings!$B$5,"ORDER SOON","OK"))))))
A20: =IF(B20="","",IF(C20="Epic",IFERROR(INDEX(Lists!$A:$A,MATCH(B20,Lists!$B:$B,0)),"?"),1000+ROW())) | E20: =IF(OR(C20="Epic",D20=""),"",IFERROR(INDEX(Lists!$A:$A,MATCH(D20,Lists!$B:$B,0)),"")) | L20: =IF(OR(C20="Epic",J20=""),"",MAX(0,J20-N(K20))) | N20: =IF(OR(L20="",M20=""),"",L20*M20) | R20: =IF(OR(B20="",C20="Epic"),"",IF(Q20="",Settings!$B$3,Q20)) | S20: =IF(OR(R20="",P20="",N(L20)=0),"",R20-P20-Settings!$B$4) | T20: =IF(S20="","",S20-TODAY()) | U20: =IF(OR(B20="",C20="Epic"),"",IF(N(L20)=0,IF(J20="","","ON HAND"),IF(OR(O20="Ordered",O20="Shipped",O20="Received"),O20,IF(S20="","NEED LEAD TIME",IF(T20<0,"OVERDUE",IF(T20<=Settings!$B$5,"ORDER SOON","OK"))))))
A21: =IF(B21="","",IF(C21="Epic",IFERROR(INDEX(Lists!$A:$A,MATCH(B21,Lists!$B:$B,0)),"?"),1000+ROW())) | E21: =IF(OR(C21="Epic",D21=""),"",IFERROR(INDEX(Lists!$A:$A,MATCH(D21,Lists!$B:$B,0)),"")) | L21: =IF(OR(C21="Epic",J21=""),"",MAX(0,J21-N(K21))) | N21: =IF(OR(L21="",M21=""),"",L21*M21) | R21: =IF(OR(B21="",C21="Epic"),"",IF(Q21="",Settings!$B$3,Q21)) | S21: =IF(OR(R21="",P21="",N(L21)=0),"",R21-P21-Settings!$B$4) | T21: =IF(S21="","",S21-TODAY()) | U21: =IF(OR(B21="",C21="Epic"),"",IF(N(L21)=0,IF(J21="","","ON HAND"),IF(OR(O21="Ordered",O21="Shipped",O21="Received"),O21,IF(S21="","NEED LEAD TIME",IF(T21<0,"OVERDUE",IF(T21<=Settings!$B$5,"ORDER SOON","OK"))))))
A22: =IF(B22="","",IF(C22="Epic",IFERROR(INDEX(Lists!$A:$A,MATCH(B22,Lists!$B:$B,0)),"?"),1000+ROW())) | E22: =IF(OR(C22="Epic",D22=""),"",IFERROR(INDEX(Lists!$A:$A,MATCH(D22,Lists!$B:$B,0)),"")) | L22: =IF(OR(C22="Epic",J22=""),"",MAX(0,J22-N(K22))) | N22: =IF(OR(L22="",M22=""),"",L22*M22) | R22: =IF(OR(B22="",C22="Epic"),"",IF(Q22="",Settings!$B$3,Q22)) | S22: =IF(OR(R22="",P22="",N(L22)=0),"",R22-P22-Settings!$B$4) | T22: =IF(S22="","",S22-TODAY()) | U22: =IF(OR(B22="",C22="Epic"),"",IF(N(L22)=0,IF(J22="","","ON HAND"),IF(OR(O22="Ordered",O22="Shipped",O22="Received"),O22,IF(S22="","NEED LEAD TIME",IF(T22<0,"OVERDUE",IF(T22<=Settings!$B$5,"ORDER SOON","OK"))))))
A23: =IF(B23="","",IF(C23="Epic",IFERROR(INDEX(Lists!$A:$A,MATCH(B23,Lists!$B:$B,0)),"?"),1000+ROW())) | E23: =IF(OR(C23="Epic",D23=""),"",IFERROR(INDEX(Lists!$A:$A,MATCH(D23,Lists!$B:$B,0)),"")) | L23: =IF(OR(C23="Epic",J23=""),"",MAX(0,J23-N(K23))) | N23: =IF(OR(L23="",M23=""),"",L23*M23) | R23: =IF(OR(B23="",C23="Epic"),"",IF(Q23="",Settings!$B$3,Q23)) | S23: =IF(OR(R23="",P23="",N(L23)=0),"",R23-P23-Settings!$B$4) | T23: =IF(S23="","",S23-TODAY()) | U23: =IF(OR(B23="",C23="Epic"),"",IF(N(L23)=0,IF(J23="","","ON HAND"),IF(OR(O23="Ordered",O23="Shipped",O23="Received"),O23,IF(S23="","NEED LEAD TIME",IF(T23<0,"OVERDUE",IF(T23<=Settings!$B$5,"ORDER SOON","OK"))))))
... A300: =IF(B300="","",IF(C300="Epic",IFERROR(INDEX(Lists!$A:$A,MATCH(B300,Lists!$B:$B,0)),"?"),1000+ROW())) | E300: =IF(OR(C300="Epic",D300=""),"",IFERROR(INDEX(Lists!$A:$A,MATCH(D300,Lists!$B:$B,0)),"")) | L300: =IF(OR(C300="Epic",J300=""),"",MAX(0,J300-N(K300))) | N300: =IF(OR(L300="",M300=""),"",L300*M300) | R300: =IF(OR(B300="",C300="Epic"),"",IF(Q300="",Settings!$B$3,Q300)) | S300: =IF(OR(R300="",P300="",N(L300)=0),"",R300-P300-Settings!$B$4) | T300: =IF(S300="","",S300-TODAY()) | U300: =IF(OR(B300="",C300="Epic"),"",IF(N(L300)=0,IF(J300="","","ON HAND"),IF(OR(O300="Ordered",O300="Shipped",O300="Received"),O300,IF(S300="","NEED LEAD TIME",IF(T300<0,"OVERDUE",IF(T300<=Settings!$B$5,"ORDER SOON","OK"))))))

Sheet Settings
A1: Settings
A3: Target Build Date | B3: 46478 | C3: Placeholder — set to the date you plan to start assembly. Default Need-by for every part.
A4: Safety Buffer (days) | B4: 7 | C4: Extra days subtracted from Need-by on top of lead time (shipping slips, inspection).
A5: Warning Window (days) | B5: 14 | C5: Order Flag shows ORDER SOON when the order-by date is within this many days.
A8: Summary
A10: Parts to order (lines) | B10: =COUNTIFS(BOM!$C$2:$C$300,"<>Epic",BOM!$L$2:$L$300,">0")
A11: Est. cost to order ($) | B11: =SUM(BOM!$N$2:$N$300)
A12: OVERDUE lines | B12: =COUNTIF(BOM!$U$2:$U$300,"OVERDUE")
A13: ORDER SOON lines | B13: =COUNTIF(BOM!$U$2:$U$300,"ORDER SOON")
A14: Earliest open order-by date | B14: =IFERROR(1/(1/_xlfn.MINIFS(BOM!$S$2:$S$300,BOM!$L$2:$L$300,">0",BOM!$O$2:$O$300,"<>Ordered",BOM!$O$2:$O$300,"<>Shipped",BOM!$O$2:$O$300,"<>Received")),"—")

Sheet Lists
A1: Epic ID | B1: Subsystem (Epic) | D1: Work Type | E1: Procurement Status | G1: Add subsystems below row 9 if needed (IDs must stay unique and under 1000), then add matching Epic rows on BOM.
A2: 1 | B2: Rotor & Blades | D2: Epic | E2: Not quoted
A3: 2 | B3: Hub & Nacelle | D3: Task | E3: Quoted
A4: 3 | B4: Generator / Alternator | D4: Story | E4: Ordered
A5: 4 | B5: Yaw & Furling | D5: Subtask | E5: Shipped
A6: 5 | B6: Tower & Foundation | E6: Received
A7: 6 | B7: Electrical & Power Conversion | E7: On hand
A8: 7 | B8: Energy Storage | E8: Fabricate in-house
A9: 8 | B9: Controls & Monitoring
